company,enzyme,forward,reverse,cut_site,exclude
NEB,AatII,GACGTC,GACGTC,GACGT/C,F
NEB,Acc65I,GGTACC,GGTACC,G/GTACC,F
NEB,AccI,GT[AC][GT]AC,GT[AC][GT]AC,GT/MKAC,F
NEB,AciI,CCGC,GCGG,CCGC(-3/-1),F
NEB,AclI,AACGTT,AACGTT,AA/CGTT,F
NEB,AcuI,CTGAAG,CTTCAG,CTGAAG(16/14),F
NEB,AfeI,AGCGCT,AGCGCT,AGC/GCT,F
NEB,AflII,CTTAAG,CTTAAG,C/TTAAG,F
NEB,AflIII,AC[AG][CT]GT,AC[AG][CT]GT,A/CRYGT,F
NEB,AgeI,ACCGGT,ACCGGT,A/CCGGT,F
NEB,AhdI,GAC.{5}GTC,GAC.{5}GTC,GACNNN/NNGTC,F
NEB,AleI,CAC.{4}GTG,CAC.{4}GTG,CACNN/NNGTG,F
NEB,AluI,AGCT,AGCT,AG/CT,F
NEB,AlwI,GGATC,GATCC,GGATC(4/5),F
NEB,AlwNI,CAG.{3}CTG,CAG.{3}CTG,CAGNNN/CTG,F
NEB,ApaI,GGGCCC,GGGCCC,GGGCC/C,F
NEB,ApaLI,GTGCAC,GTGCAC,G/TGCAC,F
NEB,ApeKI,GC[AT]GC,GC[AT]GC,G/CWGC,F
NEB,ApoI,[AG]AATT[CT],[AG]AATT[CT],R/AATTY,F
NEB,AscI,GGCGCGCC,GGCGCGCC,GG/CGCGCC,F
NEB,AseI,ATTAAT,ATTAAT,AT/TAAT,F
NEB,AsiSI,GCGATCGC,GCGATCGC,GCGAT/CGC,F
NEB,AvaI,C[CT]CG[AG]G,C[CT]CG[AG]G,C/YCGRG,F
NEB,AvaII,GG[AT]CC,GG[AT]CC,G/GWCC,F
NEB,AvrII,CCTAGG,CCTAGG,C/CTAGG,F
NEB,BaeGI,G[GT]GC[AC]C,G[GT]GC[AC]C,GKGCM/C,F
NEB,BaeI,AC.{4}GTA[CT]C,G[AG]TAC.{4}GT,(10/15)ACNNNNGTAYC(12/7),F
NEB,BamHI,GGATCC,GGATCC,G/GATCC,F
NEB,BanI,GG[CT][AG]CC,GG[CT][AG]CC,G/GYRCC,F
NEB,BanII,G[AG]GC[CT]C,G[AG]GC[CT]C,GRGCY/C,F
NEB,BbsI,GAAGAC,GTCTTC,GAAGAC(2/6),F
NEB,BbvCI,CCTCAGC,GCTGAGG,CCTCAGC(-5/-2),F
NEB,BbvI,GCAGC,GCTGC,GCAGC(8/12),T
NEB,BccI,CCATC,GATGG,CCATC,F
NEB,BceAI,ACGGC,GCCGT,ACGGC(12/14),F
NEB,BcgI,CGA.{6}TGC,GCA.{6}TCG,(10/12)CGANNNNNNTGC(12/10),T
NEB,BciVI,GTATCC,GGATAC,GTATCC(6/5),F
NEB,BclI,TGATCA,TGATCA,T/GATCA,F
NEB,BcoDI,GTCTC,GAGAC,GTCTC(1/5),F
NEB,BfaI,CTAG,CTAG,C/TAG,F
NEB,BfuAI,ACCTGC,GCAGGT,ACCTGC(4/8),T
NEB,BfuCI,GATC,GATC,/GATC,F
NEB,BglI,GCC.{5}GGC,GCC.{5}GGC,GCCNNNN/NGGC,F
NEB,BglII,AGATCT,AGATCT,A/GATCT,F
NEB,BlpI,GCT.AGC,GCT.AGC,GC/TNAGC,F
NEB,BmgBI,CACGTC,GACGTG,CACGTC(-3/-3),F
NEB,BmrI,ACTGGG,CCCAGT,ACTGGG(5/4),F
NEB,BmtI,GCTAGC,GCTAGC,GCTAG/C,F
NEB,BpmI,CTGGAG,CTCCAG,CTGGAG(16/14),T
NEB,Bpu10I,CCT.AGC,GCT.AGG,CCTNAGC(-5/-2),F
NEB,BpuEI,CTTGAG,CTCAAG,CTTGAG(16/14),F
NEB,BsaAI,[CT]ACGT[AG],[CT]ACGT[AG],YAC/GTR,F
NEB,BsaBI,GAT.{4}ATC,GAT.{4}ATC,GATNN/NNATC,F
NEB,BsaHI,G[AG]CG[CT]C,G[AG]CG[CT]C,GR/CGYC,F
NEB,BsaI,GGTCTC,GAGACC,GGTCTC(1/5),F
NEB,BsaJI,CC.{2}GG,CC.{2}GG,C/CNNGG,F
NEB,BsaWI,[AT]CCGG[AT],[AT]CCGG[AT],W/CCGGW,F
NEB,BsaXI,AC.{5}CTCC,GGAG.{5}GT,(9/12)ACNNNNNCTCC(10/7),F
NEB,BseRI,GAGGAG,CTCCTC,GAGGAG(10/8),F
NEB,BseYI,CCCAGC,GCTGGG,CCCAGC(-5/-1),F
NEB,BsgI,GTGCAG,CTGCAC,GTGCAG(16/14),T
NEB,BsiEI,CG[AG][CT]CG,CG[AG][CT]CG,CGRY/CG,F
NEB,BsiHKAI,G[AT]GC[AT]C,G[AT]GC[AT]C,GWGCW/C,F
NEB,BsiWI,CGTACG,CGTACG,C/GTACG,F
NEB,BslI,CC.{7}GG,CC.{7}GG,CCNNNNN/NNGG,F
NEB,BsmAI,GTCTC,GAGAC,GTCTC(1/5),F
NEB,BsmBI,CGTCTC,GAGACG,CGTCTC(1/5),F
NEB,BsmFI,GGGAC,GTCCC,GGGAC(10/14),F
NEB,BsmI,GAATGC,GCATTC,GAATGC(1/-1),F
NEB,BsoBI,C[CT]CG[AG]G,C[CT]CG[AG]G,C/YCGRG,F
NEB,Bsp1286I,G[AGT]GC[ACT]C,G[AGT]GC[ACT]C,GDGCH/C,F
NEB,BspCNI,CTCAG,CTGAG,CTCAG(9/7),F
NEB,BspDI,ATCGAT,ATCGAT,AT/CGAT,F
NEB,BspEI,TCCGGA,TCCGGA,T/CCGGA,F
NEB,BspHI,TCATGA,TCATGA,T/CATGA,F
NEB,BspMI,ACCTGC,GCAGGT,ACCTGC(4/8),T
NEB,BspQI,GCTCTTC,GAAGAGC,GCTCTTC(1/4),F
NEB,BsrBI,CCGCTC,GAGCGG,CCGCTC(-3/-3),F
NEB,BsrDI,GCAATG,CATTGC,GCAATG(2/0),F
NEB,BsrFI,[AG]CCGG[CT],[AG]CCGG[CT],R/CCGGY,F
NEB,BsrFαI,[AG]CCGG[CT],[AG]CCGG[CT],R/CCGGY,F
NEB,BsrGI,TGTACA,TGTACA,T/GTACA,F
NEB,BsrI,ACTGG,CCAGT,ACTGG(1/-1),F
NEB,BssHII,GCGCGC,GCGCGC,G/CGCGC,F
NEB,BssKI,CC.GG,CC.GG,/CCNGG,F
NEB,BssSI,CACGAG,CTCGTG,CACGAG(-5/-1),F
NEB,BssSαI,CACGAG,CTCGTG,CACGAG(-5/-1),F
NEB,BstAPI,GCA.{5}TGC,GCA.{5}TGC,GCANNNN/NTGC,F
NEB,BstBI,TTCGAA,TTCGAA,TT/CGAA,F
NEB,BstEII,GGT.ACC,GGT.ACC,G/GTNACC,F
NEB,BstNI,CC[AT]GG,CC[AT]GG,CC/WGG,F
NEB,BstUI,CGCG,CGCG,CG/CG,F
NEB,BstXI,CCA.{6}TGG,CCA.{6}TGG,CCANNNNN/NTGG,F
NEB,BstYI,[AG]GATC[CT],[AG]GATC[CT],R/GATCY,F
NEB,BstZ17I,GTATAC,GTATAC,GTA/TAC,F
NEB,Bsu36I,CCT.AGG,CCT.AGG,CC/TNAGG,F
NEB,BtgI,CC[AG][CT]GG,CC[AG][CT]GG,C/CRYGG,F
NEB,BtgZI,GCGATG,CATCGC,GCGATG(10/14),F
NEB,BtsCI,GGATG,CATCC,GGATG(2/0),F
NEB,BtsI,GCAGTG,CACTGC,GCAGTG(2/0),F
NEB,BtsIMutI,CAGTG,CACTG,CAGTG(2/0),F
NEB,BtsαI,GCAGTG,CACTGC,GCAGTG(2/0),F
NEB,Cac8I,GC.{2}GC,GC.{2}GC,GCN/NGC,F
NEB,ClaI,ATCGAT,ATCGAT,AT/CGAT,F
NEB,CspCI,CAA.{5}GTGG,CCAC.{5}TTG,(11/13)CAANNNNNGTGG(12/10),T
NEB,CviAII,CATG,CATG,C/ATG,F
NEB,CviKI-1,[AG]GC[CT],[AG]GC[CT],RG/CY,F
NEB,CviQI,GTAC,GTAC,G/TAC,F
NEB,DdeI,CT.AG,CT.AG,C/TNAG,F
NEB,DpnI,GATC,GATC,GA/TC,T
NEB,DpnII,GATC,GATC,/GATC,F
NEB,DraI,TTTAAA,TTTAAA,TTT/AAA,F
NEB,DraIII,CAC.{3}GTG,CAC.{3}GTG,CACNNN/GTG,F
NEB,DrdI,GAC.{6}GTC,GAC.{6}GTC,GACNNNN/NNGTC,F
NEB,EaeI,[CT]GGCC[AG],[CT]GGCC[AG],Y/GGCCR,F
NEB,EagI,CGGCCG,CGGCCG,C/GGCCG,F
NEB,EarI,CTCTTC,GAAGAG,CTCTTC(1/4),F
NEB,EciI,GGCGGA,TCCGCC,GGCGGA(11/9),F
NEB,Eco53kI,GAGCTC,GAGCTC,GAG/CTC,F
NEB,EcoNI,CCT.{5}AGG,CCT.{5}AGG,CCTNN/NNNAGG,F
NEB,EcoO109I,[AG]GG.CC[CT],[AG]GG.CC[CT],RG/GNCCY,F
NEB,EcoP15I,CAGCAG,CTGCTG,CAGCAG(25/27),T
NEB,EcoRI,GAATTC,GAATTC,G/AATTC,F
NEB,EcoRV,GATATC,GATATC,GAT/ATC,F
NEB,FatI,CATG,CATG,/CATG,F
NEB,FauI,CCCGC,GCGGG,CCCGC(4/6),F
NEB,Fnu4HI,GC.GC,GC.GC,GC/NGC,F
NEB,FokI,GGATG,CATCC,GGATG(9/13),T
NEB,FseI,GGCCGGCC,GGCCGGCC,GGCCGG/CC,F
NEB,FspEI,CC,GG,CC(12/16),T
NEB,FspI,TGCGCA,TGCGCA,TGC/GCA,F
NEB,HaeII,[AG]GCGC[CT],[AG]GCGC[CT],RGCGC/Y,F
NEB,HaeIII,GGCC,GGCC,GG/CC,F
NEB,HgaI,GACGC,GCGTC,GACGC(5/10),F
NEB,HhaI,GCGC,GCGC,GCG/C,F
NEB,HinP1I,GCGC,GCGC,G/CGC,F
NEB,HincII,GT[CT][AG]AC,GT[CT][AG]AC,GTY/RAC,F
NEB,HindIII,AAGCTT,AAGCTT,A/AGCTT,F
NEB,HinfI,GA.TC,GA.TC,G/ANTC,F
NEB,HpaI,GTTAAC,GTTAAC,GTT/AAC,F
NEB,HpaII,CCGG,CCGG,C/CGG,F
NEB,HphI,GGTGA,TCACC,GGTGA(8/7),F
NEB,Hpy166II,GT.{2}AC,GT.{2}AC,GTN/NAC,F
NEB,Hpy188I,TC.GA,TC.GA,TCN/GA,F
NEB,Hpy188III,TC.{2}GA,TC.{2}GA,TC/NNGA,F
NEB,Hpy99I,CG[AT]CG,CG[AT]CG,CGWCG/,F
NEB,HpyAV,CCTTC,GAAGG,CCTTC(6/5),F
NEB,HpyCH4III,AC.GT,AC.GT,ACN/GT,F
NEB,HpyCH4IV,ACGT,ACGT,A/CGT,F
NEB,HpyCH4V,TGCA,TGCA,TG/CA,F
NEB,I-CeuI,TAACTATAACGGTCCTAAGGTAGCGAA,TTCGCTACCTTAGGACCGTTATAGTTA,TAACTATAACGGTCCTAAGGTAGCGAA(-9/-13),F
NEB,I-SceI,TAGGGATAACAGGGTAAT,ATTACCCTGTTATCCCTA,TAGGGATAACAGGGTAAT(-9/-13),F
NEB,KasI,GGCGCC,GGCGCC,G/GCGCC,F
NEB,KpnI,GGTACC,GGTACC,GGTAC/C,F
NEB,LpnPI,CC[AGT]G,C[ACT]GG,CCDG(10/14),T
NEB,MboI,GATC,GATC,/GATC,F
NEB,MboII,GAAGA,TCTTC,GAAGA(8/7),T
NEB,MfeI,CAATTG,CAATTG,C/AATTG,F
NEB,MluI,ACGCGT,ACGCGT,A/CGCGT,F
NEB,MlyI,GAGTC,GACTC,GAGTC(5/5),F
NEB,MmeI,TCC[AG]AC,GT[CT]GGA,TCCRAC(20/18),T
NEB,MnlI,CCTC,GAGG,CCTC(7/6),F
NEB,MscI,TGGCCA,TGGCCA,TGG/CCA,F
NEB,MseI,TTAA,TTAA,T/TAA,F
NEB,MslI,CA[CT].{4}[AG]TG,CA[CT].{4}[AG]TG,CAYNN/NNRTG,F
NEB,MspA1I,C[AC]GC[GT]G,C[AC]GC[GT]G,CMG/CKG,F
NEB,MspI,CCGG,CCGG,C/CGG,F
NEB,MspJI,C.{2}[AG],[CT].{2}G,CNNR(9/13),F
NEB,MwoI,GC.{7}GC,GC.{7}GC,GCNNNNN/NNGC,F
NEB,NaeI,GCCGGC,GCCGGC,GCC/GGC,T
NEB,NarI,GGCGCC,GGCGCC,GG/CGCC,T
NEB,Nb.BbvCI,CCTCAGC,GCTGAGG,CCTCAGC,F
NEB,Nb.BsmI,GAATGC,GCATTC,GAATGC,F
NEB,Nb.BsrDI,GCAATG,CATTGC,GCAATG,F
NEB,Nb.BtsI,GCAGTG,CACTGC,GCAGTG,F
NEB,NciI,CC[CG]GG,CC[CG]GG,CC/SGG,F
NEB,NcoI,CCATGG,CCATGG,C/CATGG,F
NEB,NdeI,CATATG,CATATG,CA/TATG,F
NEB,NgoMIV,GCCGGC,GCCGGC,G/CCGGC,T
NEB,NheI,GCTAGC,GCTAGC,G/CTAGC,F
NEB,NlaIII,CATG,CATG,CATG/,F
NEB,NlaIV,GG.{2}CC,GG.{2}CC,GGN/NCC,F
NEB,NmeAIII,GCCGAG,CTCGGC,GCCGAG(21/19),F
NEB,NotI,GCGGCCGC,GCGGCCGC,GC/GGCCGC,F
NEB,NruI,TCGCGA,TCGCGA,TCG/CGA,F
NEB,NsiI,ATGCAT,ATGCAT,ATGCA/T,F
NEB,NspI,[AG]CATG[CT],[AG]CATG[CT],RCATG/Y,F
NEB,Nt.AlwI,GGATC,GATCC,GGATC(4/-5),T
NEB,Nt.BbvCI,CCTCAGC,GCTGAGG,CCTCAGC(-5/-7),F
NEB,Nt.BsmAI,GTCTC,GAGAC,GTCTC(1/-5),F
NEB,Nt.BspQI,GCTCTTC,GAAGAGC,GCTCTTC(1/-7),F
NEB,Nt.BstNBI,GAGTC,GACTC,GAGTC(4/-5),F
NEB,Nt.CviPII,CC[AGT],[ACT]GG,(0/-1)CCD,F
NEB,PI-PspI,TGGCAAACAGCTATTATGGGTATTATGGGT,ACCCATAATACCCATAATAGCTGTTTGCCA,TGGCAAACAGCTATTATGGGTATTATGGGT(-13/-17),F
NEB,PI-SceI,ATCTATGTCGGGTGCGGAGAAAGAGGTAAT,ATTACCTCTTTCTCCGCACCCGACATAGAT,ATCTATGTCGGGTGCGGAGAAAGAGGTAAT(-15/-19),F
NEB,PacI,TTAATTAA,TTAATTAA,TTAAT/TAA,F
NEB,PaeR7I,CTCGAG,CTCGAG,C/TCGAG,F
NEB,PciI,ACATGT,ACATGT,A/CATGT,F
NEB,PflFI,GAC.{3}GTC,GAC.{3}GTC,GACN/NNGTC,F
NEB,PflMI,CCA.{5}TGG,CCA.{5}TGG,CCANNNN/NTGG,F
NEB,PhoI,GGCC,GGCC,GG/CC,F
NEB,PleI,GAGTC,GACTC,GAGTC(4/5),F
NEB,PluTI,GGCGCC,GGCGCC,GGCGC/C,F
NEB,PmeI,GTTTAAAC,GTTTAAAC,GTTT/AAAC,F
NEB,PmlI,CACGTG,CACGTG,CAC/GTG,F
NEB,PpuMI,[AG]GG[AT]CC[CT],[AG]GG[AT]CC[CT],RG/GWCCY,F
NEB,PshAI,GAC.{4}GTC,GAC.{4}GTC,GACNN/NNGTC,F
NEB,PsiI,TTATAA,TTATAA,TTA/TAA,F
NEB,PspGI,CC[AT]GG,CC[AT]GG,/CCWGG,F
NEB,PspOMI,GGGCCC,GGGCCC,G/GGCCC,F
NEB,PspXI,[ACG]CTCGAG[CGT],[ACG]CTCGAG[CGT],VC/TCGAGB,F
NEB,PstI,CTGCAG,CTGCAG,CTGCA/G,F
NEB,PvuI,CGATCG,CGATCG,CGAT/CG,F
NEB,PvuII,CAGCTG,CAGCTG,CAG/CTG,F
NEB,RsaI,GTAC,GTAC,GT/AC,F
NEB,RsrII,CGG[AT]CCG,CGG[AT]CCG,CG/GWCCG,T
NEB,SacI,GAGCTC,GAGCTC,GAGCT/C,F
NEB,SacII,CCGCGG,CCGCGG,CCGC/GG,T
NEB,SalI,GTCGAC,GTCGAC,G/TCGAC,F
NEB,SapI,GCTCTTC,GAAGAGC,GCTCTTC(1/4),F
NEB,Sau3AI,GATC,GATC,/GATC,F
NEB,Sau96I,GG.CC,GG.CC,G/GNCC,F
NEB,SbfI,CCTGCAGG,CCTGCAGG,CCTGCA/GG,F
NEB,ScaI,AGTACT,AGTACT,AGT/ACT,F
NEB,ScrFI,CC.GG,CC.GG,CC/NGG,F
NEB,SexAI,ACC[AT]GGT,ACC[AT]GGT,A/CCWGGT,F
NEB,SfaNI,GCATC,GATGC,GCATC(5/9),F
NEB,SfcI,CT[AG][CT]AG,CT[AG][CT]AG,C/TRYAG,F
NEB,SfiI,GGCC.{5}GGCC,GGCC.{5}GGCC,GGCCNNNN/NGGCC,T
NEB,SfoI,GGCGCC,GGCGCC,GGC/GCC,F
NEB,SgrAI,C[AG]CCGG[CT]G,C[AG]CCGG[CT]G,CR/CCGGYG,T
NEB,SmaI,CCCGGG,CCCGGG,CCC/GGG,F
NEB,SmlI,CT[CT][AG]AG,CT[CT][AG]AG,C/TYRAG,F
NEB,SnaBI,TACGTA,TACGTA,TAC/GTA,F
NEB,SpeI,ACTAGT,ACTAGT,A/CTAGT,F
NEB,SphI,GCATGC,GCATGC,GCATG/C,F
NEB,SrfI,GCCCGGGC,GCCCGGGC,GCCC/GGGC,F
NEB,SspI,AATATT,AATATT,AAT/ATT,F
NEB,StuI,AGGCCT,AGGCCT,AGG/CCT,F
NEB,StyD4I,CC.GG,CC.GG,/CCNGG,F
NEB,StyI,CC[AT][AT]GG,CC[AT][AT]GG,C/CWWGG,F
NEB,SwaI,ATTTAAAT,ATTTAAAT,ATTT/AAAT,F
NEB,TaqαI,TCGA,TCGA,T/CGA,F
NEB,TfiI,GA[AT]TC,GA[AT]TC,G/AWTC,F
NEB,TliI,CTCGAG,CTCGAG,C/TCGAG,F
NEB,TseI,GC[AT]GC,GC[AT]GC,G/CWGC,F
NEB,Tsp45I,GT[CG]AC,GT[CG]AC,/GTSAC,F
NEB,Tsp509I,AATT,AATT,/AATT,F
NEB,TspMI,CCCGGG,CCCGGG,C/CCGGG,F
NEB,TspRI,CA[CG]TG,CA[CG]TG,NNCASTGNN/,F
NEB,Tth111I,GAC.{3}GTC,GAC.{3}GTC,GACN/NNGTC,F
NEB,XbaI,TCTAGA,TCTAGA,T/CTAGA,F
NEB,XcmI,CCA.{9}TGG,CCA.{9}TGG,CCANNNNN/NNNNTGG,F
NEB,XhoI,CTCGAG,CTCGAG,C/TCGAG,F
NEB,XmaI,CCCGGG,CCCGGG,C/CCGGG,F
NEB,XmnI,GAA.{4}TTC,GAA.{4}TTC,GAANN/NNTTC,F
NEB,ZraI,GACGTC,GACGTC,GAC/GTC,F
